empid,empfirstname,emplastname,empemail,empnumber,empjoining,empsatisfaction
198,donald,oconnell,doconnel,650.507.9833,21-Jun-07,3
199,douglas,grant,dgrant,650.507.9844,13-Jan-08,3
200,jennifer,whalen,jwhalen,515.123.4444,17-Sep-03,4
201,michael,hartstein,mhartste,515.123.5555,17-Feb-04,4
202,pat,fay,pfay,603.123.6666,17-Aug-05,2
203,susan,mavris,smavris,515.123.7777,7-Jun-02,2
204,hermann,baer,hbaer,515.123.8888,7-Jun-02,1
205,shelley,higgins,shiggins,515.123.8080,7-Jun-02,2
206,william,gietz,wgietz,515.123.8181,7-Jun-02,1
100,steven,king,sking,515.123.4567,17-Jun-03,1
101,neena,kochhar,nkochhar,515.123.4568,21-Sep-05,4
102,lex,de haan,ldehaan,515.123.4569,13-Jan-01,3
103,alexander,hunold,ahunold,590.423.4567,3-Jan-06,3
104,bruce,ernst,bernst,590.423.4568,21-May-07,3
105,david,austin,daustin,590.423.4569,25-Jun-05,1
106,valli,pataballa,vpatabal,590.423.4560,5-Feb-06,3
107,diana,lorentz,dlorentz,590.423.5567,7-Feb-07,2
108,nancy,greenberg,ngreenbe,515.124.4569,17-Aug-02,1
109,daniel,faviet,dfaviet,515.124.4169,16-Aug-02,4
110,john,chen,jchen,515.124.4269,28-Sep-05,1
111,ismael,sciarra,isciarra,515.124.4369,30-Sep-05,1
112,jose manuel,urman,jmurman,515.124.4469,7-Mar-06,1
113,luis,popp,lpopp,515.124.4567,7-Dec-07,2
114,den,raphaely,drapheal,515.127.4561,7-Dec-02,2
115,alexander,khoo,akhoo,515.127.4562,18-May-03,2
116,shelli,baida,sbaida,515.127.4563,24-Dec-05,1
117,sigal,tobias,stobias,515.127.4564,24-Jul-05,4
118,guy,himuro,ghimuro,515.127.4565,15-Nov-06,4
119,karen,colmenares,kcolmena,515.127.4566,10-Aug-07,3
120,matthew,weiss,mweiss,650.123.1234,18-Jul-04,4
121,adam,fripp,afripp,650.123.2234,10-Apr-05,2
122,payam,kaufling,pkauflin,650.123.3234,1-May-03,1
123,shanta,vollman,svollman,650.123.4234,10-Oct-05,2
124,kevin,mourgos,kmourgos,650.123.5234,16-Nov-07,2
125,julia,nayer,jnayer,650.124.1214,16-Jul-05,1
126,irene,mikkilineni,imikkili,650.124.1224,28-Sep-06,1
127,james,landry,jlandry,650.124.1334,14-Jan-07,2
128,steven,markle,smarkle,650.124.1434,8-Mar-08,4
129,laura,bissot,lbissot,650.124.5234,20-Aug-05,4
130,mozhe,atkinson,matkinso,650.124.6234,30-Oct-05,4
131,james,marlow,jamrlow,650.124.7234,16-Feb-05,3
132,tj,olson,tjolson,650.124.8234,10-Apr-07,4
133,jason,mallin,jmallin,650.127.1934,14-Jun-04,1
134,michael,rogers,mrogers,650.127.1834,26-Aug-06,3
135,ki,gee,kgee,650.127.1734,12-Dec-07,2
136,hazel,philtanker,hphiltan,650.127.1634,6-Feb-08,3
137,renske,ladwig,rladwig,650.121.1234,14-Jul-03,2
138,stephen,stiles,sstiles,650.121.2034,26-Oct-05,2
139,john,seo,jseo,650.121.2019,12-Feb-06,3
140,joshua,patel,jpatel,650.121.1834,6-Apr-06,1